2020-08-30,phuoctv,GHNMP0000564157VNA
2020-08-30,phuoctv,8FHQS1ANU7
2020-08-30,phuoctv,8FH34X1S9D
2020-08-30,phuoctv,8FH1DR4XKY
2020-08-30,phuoctv,8FHRXQHK96
2020-08-30,phuoctv,8FHLF9D9UA
2020-08-30,phuoctv,8FH3D341LU
2020-08-30,phuoctv,8FHY61HLD4
2020-08-30,phuoctv,8FH7L9DY77
2020-08-30,phuoctv,8FH9SS545F
2020-08-30,phuoctv,8FHUAHD447
2020-08-30,phuoctv,GHNMP0000585141VNA
2020-08-30,phuoctv,8FH3DSFR59
2020-08-30,phuoctv,8FHNFXF7HK
2020-08-30,phuoctv,8FHKQLF6NR
2020-08-30,phuoctv,8FHAQYNS46
2020-08-30,phuoctv,8FHAQYRFU1
2020-08-30,phuoctv,8FHD6HU4XX
2020-08-30,phuoctv,8FHQA3LFLQ
2020-08-30,phuoctv,8FH9SSNDNH
2020-08-30,phuoctv,8FHLF1D9QY
2020-08-30,phuoctv,8FHKQL4HF9
2020-08-30,phuoctv,8FH144NFF3
2020-08-30,phuoctv,8FH7LNR33Q
2020-08-30,phuoctv,GHNMP0000643332VNA
2020-08-30,phuoctv,8FHDQQ7LY3
2020-08-30,phuoctv,8FHHFLLFNH
2020-08-30,phuoctv,GHNMP0000633288VNA
2020-08-30,phuoctv,8FHQA49HHS
2020-08-30,phuoctv,8FHHF9H35L
2020-08-30,phuoctv,8FHFQ157KK
2020-08-30,phuoctv,8FHKQ1XUUA
2020-08-30,phuoctv,8FHQSX6AX9
2020-08-30,phuoctv,8FH3DKH159
2020-08-30,phuoctv,8FHDQXXA3Q
2020-08-30,phuoctv,8FHUSS37RX
2020-08-30,phuoctv,8FH7LRAXD3
2020-08-30,phuoctv,8FHXNDS93A
2020-08-30,phuoctv,8FH4U4YDH9
2020-08-30,phuoctv,8FH4U4UU9X
2020-08-30,phuoctv,8FH14X41XS
2020-08-30,phuoctv,8FHKQFYQSS
2020-08-30,phuoctv,8FH143ANU7
2020-08-30,phuoctv,GHNMP0000576345VNA
2020-08-30,phuoctv,8FHR7754AA
2020-08-30,phuoctv,8FHQSALUQA
2020-08-30,phuoctv,8FH34NSK67
2020-08-30,phuoctv,8FHNF1QQ43
2020-08-30,phuoctv,8FH4UU7446
2020-08-30,phuoctv,8FHLFY36QQ
2020-08-30,phuoctv,8FHDQ13QAK
2020-08-30,phuoctv,8FHSH11KDX
2020-08-30,phuoctv,GHNMP0000642232VNA
2020-08-30,phuoctv,8FH34NU5NN
2020-08-30,phuoctv,8FH144F5YS
2020-08-30,phuoctv,8FH4U5QH5U
2020-08-30,phuoctv,8FHR7DSF3A
2020-08-30,phuoctv,GHNMP0000642040VNA
2020-08-30,phuoctv,8FHUS1DD7R
2020-08-30,phuoctv,8FHY6DU35R
2020-08-30,phuoctv,8FH64N3YU3
2020-08-30,phuoctv,8FHKQQAL4L
2020-08-30,phuoctv,8FHHF16KSU
2020-08-30,phuoctv,8FHSH1LNQ3
2020-08-30,phuoctv,8FHR79RQ6R
2020-08-30,phuoctv,8FHXNDR1FD
2020-08-30,phuoctv,GHNMP0000628855VNA
2020-08-30,phuoctv,8FHAQNUA4K
2020-08-30,phuoctv,8FHUSS6NH7
2020-08-30,phuoctv,8FH14XSYHN
2020-08-30,phuoctv,8FH9S3FDYS
2020-08-30,phuoctv,8FHR7D5534
2020-08-30,phuoctv,100183506
2020-08-30,phuoctv,8FHAQ3R914
2020-08-30,phuoctv,8FH7L1K7U9
2020-08-30,phuoctv,8FHSH1XL6L
2020-08-30,phuoctv,8FHD6K43YA
2020-08-30,phuoctv,8FH7L9YRSN
2020-08-30,phuoctv,8FHQS1SHN9
2020-08-30,phuoctv,8FHLFYUX93
2020-08-30,phuoctv,8FHSAUYQYS
2020-08-30,phuoctv,8FHHF9QSDD
2020-08-30,phuoctv,8FHSHA3KX6
2020-08-30,phuoctv,8FHNY4LR1D
2020-08-30,phuoctv,8FHR7D1RS6
2020-08-30,phuoctv,8FHSHXQ5N3
2020-08-30,phuoctv,8FHQSX6NN5
2020-08-30,phuoctv,8FH7L9DXD6
2020-08-30,phuoctv,8FH4UNA6AQ
2020-08-30,phuoctv,8FHD6NF457
2020-08-30,phuoctv,8FHD6AHFU3
2020-08-30,phuoctv,8FH54XSA6D
2020-08-30,phuoctv,8FH14X7DXQ
2020-08-30,phuoctv,8FH7DQYDKL
2020-08-30,phuoctv,8FHLFF16Q9
2020-08-30,phuoctv,8FHRX3FD4D
2020-08-30,phuoctv,8FHSHDLKF6
2020-08-30,phuoctv,8FHR77FX59
2020-08-30,phuoctv,8FHLYAUU6Y
2020-08-30,phuoctv,GHNST0000251181VN
2020-08-30,phuoctv,8FHKQX6D4R
2020-08-30,phuoctv,8FHAQY13YK
2020-08-30,phuoctv,8FH7DKHX6S
2020-08-30,phuoctv,8FH1DDY73A
2020-08-30,phuoctv,8FH14XA1KS
2020-08-30,phuoctv,8FH646NFU9
2020-08-30,phuoctv,8FHUSSFQNL
2020-08-30,phuoctv,8FHDQQK9FN
2020-08-30,phuoctv,FH1DRXQ1A
2020-08-30,phuoctv,8FHSAQQS6Y
2020-08-30,phuoctv,8FH4UN1RFD
2020-08-30,phuoctv,8FHKQQKDS5
2020-08-30,phuoctv,8FH443QN9U
2020-08-30,Muon_bay_mau_khong,8FH5473A7R
2020-08-30,Muon_bay_mau_khong,8FH143LAHF
2020-08-30,Muon_bay_mau_khong,8FH646HKDX
2020-08-30,Muon_bay_mau_khong,8FHY67KAHA
2020-08-30,Muon_bay_mau_khong,8FHDQ1K4AY
2020-08-30,Muon_bay_mau_khong,8FHR766SXY
2020-08-30,Muon_bay_mau_khong,8FHXN49XYA
2020-08-30,Muon_bay_mau_khong,8FH544S3UD
2020-08-30,Muon_bay_mau_khong,8FHHF9S5XY
2020-08-30,Muon_bay_mau_khong,8FH34X7YY1
2020-08-30,Muon_bay_mau_khong,8FHKQQFSLK
